<?xml version="1.0" encoding="UTF-8"?>
<project-private xmlns="http://www.netbeans.org/ns/project-private/1">
    <editor-bookmarks xmlns="http://www.netbeans.org/ns/editor-bookmarks/2" lastBookmarkId="0"/>
    <open-files xmlns="http://www.netbeans.org/ns/projectui-open-files/2">
        <group>
            <file>file:/C:/Users/ASUS/Desktop/WineShop/Login/web/Detail.jsp</file>
            <file>file:/C:/Users/ASUS/Desktop/WineShop/Login/web/META-INF/context.xml</file>
            <file>file:/C:/Users/ASUS/Desktop/WineShop/Login/web/WEB-INF/web.xml</file>
            <file>file:/C:/Users/ASUS/Desktop/WineShop/Login/src/java/controller/LoginControl.java</file>
            <file>file:/C:/Users/ASUS/Desktop/WineShop/Login/web/login.jsp</file>
        </group>
    </open-files>
</project-private>
